Date,Rate,High (est),Low (est)
2018-02-28,56.219200134277,56.453899383545,56.006000518799
2018-02-27,55.628799438477,56.319999694824,55.305000305176
2018-02-26,56.322601318359,56.272201538086,55.625
2018-02-23,56.465000152588,56.572799682617,56.242698669434
2018-02-22,56.713401794434,56.797199249268,56.463500976562
2018-02-21,56.514099121094,56.722999572754,56.333999633789
2018-02-20,56.378200531006,56.742698669434,56.187999725342
2018-02-19,56.44100189209,56.527000427246,55.993999481201
2018-02-16,56.386798858643,56.439998626709,56.043998718262
2018-02-15,56.694400787354,56.844501495361,56.222999572754
2018-02-14,57.618000030518,57.737998962402,57.02379989624
2018-02-13,57.751300811768,57.923999786377,57.505001068115
2018-02-12,58.317699432373,58.331001281738,57.659000396729
2018-02-09,58.283599853516,58.403301239014,57.884998321533
2018-02-08,57.809600830078,58.221500396729,57.294998168945
2018-02-07,56.847099304199,57.266799926758,56.553001403809
2018-02-06,57.286499023438,57.603500366211,56.895000457764
2018-02-05,56.414001464844,56.945999145508,56.27799987793
2018-02-02,55.942901611328,56.518001556396,55.738998413086
2018-02-01,56.178699493408,56.396999359131,55.978000640869
2018-01-31,56.317798614502,56.426200866699,55.966999053955
2018-01-30,56.279598236084,56.400398254395,55.861698150635
2018-01-29,56.207000732422,56.490898132324,55.583000183105
2018-01-26,55.880699157715,56.238998413086,55.583000183105
2018-01-25,56.183601379395,56.226299285889,55.562000274658
2018-01-24,56.347198486328,56.446399688721,56.049999237061
2018-01-23,56.460399627686,56.567001342773,56.084999084473
2018-01-22,56.592498779297,56.726699829102,56.264999389648
2018-01-19,56.493698120117,56.701000213623,56.264999389648
2018-01-18,56.865001678467,56.865898132324,56.38330078125
2018-01-17,56.445899963379,56.926898956299,56.284999847412
2018-01-16,56.310001373291,56.5,56.062000274658
2018-01-15,56.548698425293,56.658000946045,56.023998260498
2018-01-12,56.503200531006,56.712001800537,56.270999908447
2018-01-11,57.020900726318,57.052501678467,56.575401306152
2018-01-10,56.859901428223,57.05350112915,56.522998809814
2018-01-09,57.090900421143,57.15599822998,56.734001159668
2018-01-08,56.988998413086,57.143001556396,56.637001037598
2018-01-05,56.972301483154,57.098201751709,56.700000762939
2018-01-04,57.119300842285,57.256500244141,56.870998382568
2018-01-03,57.52799987793,57.589900970459,57.196998596191
2018-01-02,57.583000183105,57.782001495361,56.967998504639
2018-01-01,57.604801177979,57.87739944458,57.34700012207
2017-12-29,57.568901062012,57.87739944458,57.34700012207
2017-12-28,57.74169921875,57.736598968506,57.354999542236
2017-12-27,57.637199401855,57.900001525879,57.141998291016
2017-12-26,58.037700653076,58.241500854492,57.318000793457
2017-12-25,58.285499572754,58.358798980713,57.657600402832
2017-12-22,58.410301208496,58.583599090576,58.095001220703
2017-12-21,58.697700500488,58.722099304199,58.248001098633
2017-12-20,58.743698120117,58.767501831055,58.436000823975
2017-12-19,58.63990020752,58.838798522949,58.369998931885
2017-12-18,58.595001220703,58.986000061035,58.419998168945
2017-12-15,58.811500549316,58.986000061035,58.615001678467
2017-12-14,58.550201416016,58.876998901367,58.243000030518
2017-12-13,59.184299468994,59.229400634766,58.716300964355
2017-12-12,58.912899017334,59.243900299072,58.582000732422
2017-12-11,59.0797996521,59.292999267578,58.883399963379
2017-12-08,59.196800231934,59.353000640869,58.976001739502
2017-12-07,59.155300140381,59.338001251221,59.029998779297
2017-12-06,58.763401031494,59.208999633789,58.493000030518
2017-12-05,58.770999908447,58.823101043701,58.415000915527
2017-12-04,58.801700592041,59.103000640869,58.233001708984
2017-12-01,58.447799682617,59.0964012146,58.233001708984
2017-11-30,58.596698760986,58.71900177002,58.25
2017-11-29,58.383201599121,58.572101593018,58.028999328613
2017-11-28,58.434898376465,58.489799499512,58.165000915527
2017-11-27,58.375,58.388999938965,58.033298492432
2017-11-24,58.420600891113,58.688899993896,58.210899353027
2017-11-23,58.38090133667,58.486000061035,58.22200012207
2017-11-22,59.105701446533,59.124500274658,58.531398773193
2017-11-21,59.368698120117,59.516998291016,59.071300506592
2017-11-20,59.098999023438,59.735000610352,58.837001800537
2017-11-15,60.310901641846,60.419498443604,60.011001586914
2017-11-13,59.199901580811,59.53099822998,58.884998321533
2017-11-10,59.310001373291,59.362098693848,58.960998535156
2017-11-09,59.111000061035,59.403999328613,58.930000305176
2017-11-08,59.340900421143,59.550998687744,58.89400100708
2017-11-07,58.25590133667,59.378200531006,58.085998535156
2017-11-06,58.933300018311,59.245998382568,57.983001708984
2017-11-03,58.261600494385,59.245998382568,57.983001708984
2017-11-02,58.209800720215,58.416198730469,57.75899887085
2017-11-01,58.229698181152,58.377998352051,57.881999969482
2017-10-31,57.900199890137,58.578998565674,57.698001861572
2017-10-30,58.0964012146,58.722999572754,57.569000244141
2017-10-27,57.840900421143,58.722999572754,57.569000244141
2017-10-26,57.715301513672,57.801998138428,57.391998291016
2017-10-25,57.615200042725,57.774501800537,57.314998626709
2017-10-24,57.488399505615,57.682998657227,57.215999603271
2017-10-23,57.544799804688,57.573799133301,57.257999420166
2017-10-20,57.238201141357,57.619998931885,57.136001586914
2017-10-19,57.375301361084,57.698001861572,57.266899108887
2017-10-18,57.274898529053,57.459098815918,56.889598846436
2017-10-17,57.19409942627,57.50590133667,57.07559967041
2017-10-16,57.203998565674,57.339698791504,56.964000701904
2017-10-13,57.637401580811,57.752498626709,57.066699981689
2017-10-12,57.80110168457,57.806198120117,57.539001464844
2017-10-11,57.938301086426,58.013198852539,57.712001800537
2017-10-10,58.25170135498,58.277099609375,57.783298492432
2017-10-09,58.175998687744,58.486000061035,57.970001220703
2017-10-06,57.70719909668,58.243000030518,57.493999481201
2017-10-05,57.645999908447,57.707698822021,57.369499206543
2017-10-04,57.909801483154,57.928001403809,57.490100860596
2017-10-03,57.876899719238,58.125999450684,57.709999084473
2017-10-02,57.521099090576,57.95299911499,57.316299438477
2017-09-29,57.889801025391,58.05899810791,57.436100006104
2017-09-28,58.168998718262,58.555000305176,57.890899658203
2017-09-27,57.858898162842,58.353199005127,57.620998382568
2017-09-26,57.553798675537,57.858798980713,57.078998565674
2017-09-25,57.596900939941,57.657001495361,57.220798492432
2017-09-22,57.863498687744,57.911201477051,57.40060043335
2017-09-21,58.114700317383,58.348598480225,57.875
2017-09-20,58.080299377441,58.154998779297,57.692199707031
2017-09-19,58.071098327637,58.25,57.734001159668
2017-09-18,57.67259979248,58.055999755859,57.419998168945
2017-09-15,57.529499053955,57.748001098633,57.252998352051
2017-09-14,57.907699584961,57.929100036621,57.360401153564
2017-09-13,57.627799987793,57.955001831055,57.339000701904
2017-09-12,57.215599060059,57.709701538086,56.993999481201
2017-09-11,57.31729888916,57.367198944092,57.019901275635
2017-09-08,56.911800384521,57.280700683594,56.555999755859
2017-09-07,57.340999603271,57.353900909424,56.765701293945
2017-09-06,57.551601409912,57.562801361084,57.201999664307
2017-09-05,57.737998962402,58.089000701904,57.201698303223
2017-09-04,57.46549987793,57.930000305176,57.419998168945
2017-09-01,57.976699829102,58.165000915527,57.375
2017-08-31,58.455101013184,58.625999450684,58.040599822998
2017-08-30,58.762798309326,58.882999420166,58.303100585938
2017-08-29,58.430000305176,58.862998962402,58.255001068115
2017-08-28,58.563301086426,58.692699432373,58.310501098633
2017-08-25,59.130500793457,59.175998687744,58.733299255371
2017-08-24,58.972599029541,59.241500854492,58.972499847412
2017-08-23,58.977001190186,59.208000183105,58.840999603271
2017-08-22,59.072601318359,59.112499237061,58.785999298096
2017-08-21,58.895000457764,59.192001342773,58.763999938965
2017-08-18,59.039798736572,59.477001190186,58.988998413086
2017-08-17,59.411201477051,59.449001312256,59.094501495361
2017-08-16,59.750999450684,59.766998291016,59.265998840332
2017-08-15,59.811100006104,60.083999633789,59.636001586914
2017-08-14,59.78929901123,59.854698181152,59.530300140381
2017-08-11,59.98929977417,60.278999328613,59.838001251221
2017-08-10,60.070598602295,60.070701599121,59.713001251221
2017-08-09,59.789199829102,60.189998626709,59.59400177002
2017-08-08,59.955299377441,60.101001739502,59.703498840332
2017-08-07,59.935501098633,60.305999755859,59.742000579834
2017-08-04,60.295501708984,60.448600769043,59.886001586914
2017-08-03,60.490001678467,60.811298370361,60.062000274658
2017-08-02,60.17440032959,60.811000823975,60.104999542236
2017-08-01,59.729999542236,60.285499572754,59.698799133301
2017-07-31,59.479198455811,60.293998718262,59.338001251221
2017-07-28,59.372001647949,59.611999511719,59.229000091553
2017-07-27,59.540901184082,59.618000030518,59.13399887085
2017-07-26,59.952499389648,60.025001525879,59.571998596191
2017-07-25,59.970001220703,60.132801055908,59.619998931885
2017-07-24,59.227500915527,60.174701690674,59.113998413086
2017-07-21,58.889999389648,59.211898803711,58.72200012207
2017-07-20,58.947101593018,59.201000213623,58.750999450684
2017-07-19,59.079898834229,59.351001739502,58.861999511719
2017-07-18,59.290000915527,59.436000823975,58.881999969482
2017-07-17,59.061500549316,59.359001159668,58.939998626709
2017-07-14,59.748401641846,59.924999237061,59.018699645996
2017-07-13,59.900001525879,60.257999420166,59.646499633789
2017-07-12,60.759998321533,60.760101318359,59.964599609375
2017-07-10,60.347900390625,60.514701843262,59.974998474121
2017-07-07,60.099998474121,60.598999023438,60.034000396729
2017-07-06,60.17850112915,60.380001068115,59.756401062012
2017-07-05,59.358501434326,60.203998565674,59.026000976562
2017-07-04,59.234901428223,59.380001068115,59.09700012207
2017-07-03,58.880599975586,59.433498382568,58.701999664307
2017-06-30,59.419998168945,59.495998382568,58.979000091553
2017-06-29,59.216701507568,59.247001647949,58.705001831055
2017-06-28,59.351501464844,59.763000488281,58.964000701904
2017-06-27,58.894199371338,59.145999908447,58.528999328613
2017-06-26,59.423400878906,59.423500061035,58.857498168945
2017-06-23,59.84349822998,59.846801757812,59.404598236084
2017-06-22,60.240001678467,60.34700012207,59.639999389648
2017-06-21,59.560001373291,60.153999328613,59.312400817871
2017-06-20,58.421100616455,59.701000213623,58.048000335693
2017-06-19,57.709400177002,58.373001098633,57.431999206543
2017-06-16,57.799999237061,57.835899353027,57.404098510742
2017-06-15,57.425998687744,57.818099975586,57.271999359131
2017-06-14,56.877700805664,57.124000549316,56.65299987793
2017-06-13,57.000099182129,57.00350189209,56.615001678467
2017-06-12,57.012401580811,57.146999359131,56.743999481201
2017-06-09,56.87329864502,57.014999389648,56.643001556396
2017-06-08,57.041301727295,57.103000640869,56.736999511719
2017-06-07,56.485298156738,57.037998199463,56.259998321533
2017-06-06,56.581100463867,56.745998382568,56.338001251221
2017-06-05,56.606098175049,56.723999023438,56.284000396729
2017-06-02,56.379299163818,56.821998596191,56.224998474121
2017-06-01,56.710399627686,56.710498809814,56.209800720215
2017-05-31,56.530799865723,56.917499542236,56.469898223877
2017-05-30,56.462200164795,56.750499725342,56.321998596191
2017-05-29,56.481498718262,56.794998168945,56.261600494385
2017-05-26,56.801399230957,56.993999481201,56.563999176025
2017-05-25,56.345901489258,56.728801727295,55.840000152588
2017-05-24,56.303699493408,56.549598693848,56.069000244141
2017-05-23,56.600299835205,56.701999664307,56.209999084473
2017-05-22,56.926998138428,56.926998138428,56.341999053955
2017-05-19,57.525798797607,57.525901794434,56.685699462891
2017-05-18,57.071300506592,58.101398468018,56.887001037598
2017-05-17,56.426998138428,57.049999237061,56.266998291016
2017-05-16,56.333499908447,56.452800750732,56.03099822998
2017-05-15,57.081798553467,57.091499328613,56.212501525879
2017-05-12,57.070400238037,57.325000762939,56.814998626709
2017-05-11,57.439601898193,57.538398742676,56.923099517822
2017-05-10,58.418998718262,58.419101715088,57.421501159668
2017-05-09,58.205001831055,58.479000091553,58.104598999023
2017-05-08,58.04700088501,58.381000518799,57.877998352051
2017-05-05,58.360000610352,58.88159942627,58.055198669434
2017-05-04,57.325401306152,58.261001586914,57.053001403809
2017-05-03,57.054698944092,57.301998138428,56.694999694824
2017-05-02,56.97380065918,57.068000793457,56.634998321533
2017-05-01,56.931999206543,56.976001739502,56.39400100708
2017-04-28,56.97200012207,57.127201080322,56.610698699951
2017-04-27,57.09700012207,57.248100280762,56.525001525879
2017-04-26,56.060001373291,57.126399993896,55.85599899292
2017-04-25,55.779899597168,56.214000701904,55.557998657227
2017-04-24,56.426498413086,56.426601409912,55.514999389648
2017-04-21,56.109401702881,56.544300079346,55.909999847412
2017-04-20,56.567901611328,56.583999633789,56.142501831055
2017-04-19,56.19649887085,56.532501220703,55.873001098633
2017-04-18,55.882400512695,56.198101043701,55.721000671387
2017-04-17,56.302898406982,56.301700592041,55.867500305176
2017-04-14,56.258899688721,56.353698730469,55.943000793457
2017-04-13,56.621601104736,56.71480178833,56.169498443604
2017-04-12,57.028099060059,57.115001678467,56.590000152588
2017-04-11,57.104499816895,57.193500518799,56.81079864502
2017-04-10,57.375999450684,57.53150177002,57.075000762939
2017-04-07,57.375999450684,57.53150177002,57.075000762939
2017-04-06,57.237998962402,57.25899887085,56.179599761963
2017-04-05,56.241500854492,56.673500061035,56.117000579834
2017-04-04,56.386501312256,56.45719909668,55.78450012207
2017-04-03,56.061000823975,56.703201293945,55.829498291016
2017-03-31,56.009998321533,56.45719909668,55.916999816895
2017-03-30,56.207000732422,56.534301757812,55.849998474121
2017-03-29,55.984001159668,56.748001098633,55.865299224854
2017-03-28,56.647300720215,57.143699645996,56.544998168945
2017-03-27,56.861099243164,57.181098937988,56.702701568604
2017-03-24,56.810001373291,57.212001800537,56.714298248291
2017-03-23,57.215000152588,57.777099609375,56.603500366211
2017-03-22,57.695999145508,58.217399597168,57.49409866333
2017-03-21,57.552200317383,57.704498291016,56.985599517822
2017-03-20,57.317001342773,57.630100250244,57.136299133301
2017-03-17,57.109001159668,58.048999786377,57.097999572754
2017-03-16,57.748100280762,58.548999786377,57.545398712158
2017-03-15,58.388999938965,59.356700897217,58.319999694824
2017-03-14,59.122798919678,59.612899780273,58.740001678467
2017-03-13,58.767799377441,59.351898193359,58.636600494385
2017-03-10,58.85599899292,59.451999664307,58.695701599121
2017-03-09,59.203998565674,59.487998962402,58.675998687744
2017-03-08,58.863998413086,58.961799621582,58.024799346924
2017-03-07,58.15299987793,58.375900268555,57.867298126221
2017-03-06,58.233798980713,58.436000823975,56.866298675537
2017-03-03,58.516998291016,59.001201629639,58.111999511719
2017-03-02,58.601501464844,58.864799499512,58.043800354004
2017-03-01,58.131401062012,58.593101501465,57.589401245117
2017-02-28,58.290000915527,58.497001647949,57.775001525879
2017-02-27,58.096199035645,58.425098419189,57.569999694824
2017-02-24,58.471000671387,58.636199951172,57.68399810791
2017-02-23,57.745998382568,58.110000610352,57.548999786377
2017-02-22,57.851299285889,58.153999328613,57.270000457764
2017-02-21,57.314998626709,58.34700012207,57.28039932251
2017-02-20,57.838798522949,58.353801727295,57.660499572754
2017-02-17,58.020698547363,58.551898956299,56.706798553467
2017-02-16,57.403999328613,57.701499938965,56.706001281738
2017-02-15,57.214900970459,57.881301879883,56.542598724365
2017-02-14,56.840198516846,58.174999237061,56.796001434326
2017-02-13,57.866500854492,58.606399536133,57.812000274658
2017-02-10,58.016899108887,59.034000396729,58.016899108887
2017-02-09,58.845001220703,59.264999389648,58.588001251221
2017-02-08,58.978900909424,59.615299224854,58.709899902344
2017-02-07,59.324600219727,59.530200958252,58.825000762939
2017-02-06,58.886798858643,59.839698791504,56.840801239014
2017-02-03,58.959499359131,59.6077003479,58.733798980713
2017-02-02,59.35359954834,60.146800994873,58.536201477051
2017-02-01,60.041999816895,60.451301574707,59.867698669434
2017-01-31,60.152000427246,60.232398986816,59.039501190186
2017-01-30,59.383899688721,60.277599334717,58.697799682617
2017-01-27,59.775001525879,60.542701721191,59.546100616455
2017-01-26,60.188201904297,60.612098693848,59.294998168945
2017-01-25,59.477500915527,59.793998718262,58.992500305176
2017-01-24,59.012001037598,59.533298492432,58.917301177979
2017-01-23,59.497398376465,59.914798736572,59.160598754883
2017-01-20,59.659999847412,59.941398620605,59.148998260498
2017-01-19,59.445301055908,60.256000518799,59.095901489258
2017-01-18,59.443698883057,59.591999053955,59.02209854126
2017-01-17,59.298000335693,60.346199035645,58.948299407959
2017-01-16,59.793998718262,59.94100189209,59.002498626709
2017-01-13,59.604000091553,59.853000640869,59.114799499512
2017-01-12,59.312999725342,59.928901672363,59.078800201416
2017-01-11,59.689300537109,60.6875,59.181499481201
2017-01-10,60.042499542236,60.275501251221,59.493999481201
2017-01-09,60.111999511719,60.161998748779,59.150001525879
2017-01-06,59.933799743652,59.933799743652,59.007999420166
2017-01-05,59.053100585938,60.437999725342,58.947299957275
2017-01-04,60.049098968506,61.199298858643,59.903400421143
2017-01-03,60.599201202393,61.287998199463,60.2958984375
2017-01-02,60.505001068115,61.564498901367,60.505001068115
2016-12-30,61.757701873779,61.761901855469,59.679100036621
2016-12-29,60.387100219727,60.886901855469,59.847599029541
2016-12-28,60.513000488281,60.924198150635,60.048000335693
2016-12-27,60.64709854126,62.190299987793,60.112400054932
2016-12-26,60.965400695801,61.358898162842,60.497699737549
2016-12-23,61.148601531982,61.384101867676,60.535701751709
2016-12-22,60.911800384521,61.259899139404,60.557399749756
2016-12-21,61.093700408936,61.444999694824,60.751598358154
2016-12-20,61.374298095703,62.051998138428,60.63399887085
2016-12-19,61.763999938965,62.245498657227,61.356800079346
2016-12-16,62.042999267578,62.499900817871,60.898998260498
2016-12-15,61.330299377441,62.185001373291,60.978298187256
2016-12-14,61.968601226807,62.307300567627,60.415901184082
2016-12-13,60.611999511719,61.312900543213,60.376598358154
2016-12-12,60.917701721191,62.249099731445,60.676998138428
2016-12-09,62.484001159668,63.863998413086,62.166999816895
2016-12-08,63.259998321533,64.078399658203,63.090198516846
2016-12-07,63.275501251221,63.981399536133,63.090999603271
2016-12-06,63.791801452637,63.980201721191,63.542198181152
2016-12-05,63.791000366211,64.354202270508,62.684299468994
2016-12-02,63.814998626709,64.345001220703,63.42200088501
2016-12-01,63.937198638916,64.307098388672,63.474998474121
2016-11-30,63.908401489258,65.382102966309,63.695499420166
2016-11-29,65.084701538086,65.495903015137,64.457000732422
2016-11-28,64.710800170898,65.237899780273,63.857498168945
2016-11-25,65.0,65.266998291016,64.196998596191
2016-11-24,64.520301818848,64.797096252441,64.193496704102
2016-11-23,64.207801818848,64.936401367188,62.832099914551
2016-11-22,63.438701629639,64.149398803711,63.334400177002
2016-11-21,63.752201080322,64.911399841309,63.661701202393
2016-11-18,65.048301696777,65.309898376465,64.374000549316
2016-11-17,64.806800842285,65.086700439453,64.231101989746
2016-11-16,64.289199829102,65.569999694824,63.638999938965
2016-11-15,64.02490234375,66.232498168945,63.970699310303
2016-11-14,65.96019744873,66.488502502441,64.408203125
2016-11-11,65.856399536133,66.306999206543,64.359901428223
2016-11-10,65.418998718262,66.896598815918,62.821300506592
2016-11-09,63.077499389648,64.74520111084,62.661598205566
2016-11-08,63.679000854492,64.324798583984,63.171398162842
2016-11-07,63.561401367188,64.664199829102,63.437000274658
2016-11-04,64.393096923828,64.60179901123,63.500999450684
2016-11-03,63.640998840332,63.810501098633,63.254600524902
2016-11-02,63.477500915527,63.841499328613,63.220001220703
2016-11-01,63.269599914551,63.37260055542,62.888401031494
2016-10-31,62.999000549316,63.589099884033,62.410999298096
2016-10-28,62.955001831055,63.136299133301,61.884998321533
2016-10-27,62.955001831055,63.136299133301,61.884998321533
2016-10-26,62.692100524902,63.24649810791,62.542999267578
2016-10-25,62.542999267578,63.125099182129,61.773498535156
2016-10-24,62.076999664307,62.595798492432,61.339000701904
2016-10-21,62.183601379395,62.820701599121,62.028999328613
2016-10-20,62.338001251221,62.499500274658,61.829399108887
2016-10-19,62.194999694824,62.962799072266,62.131000518799
2016-10-18,62.554000854492,63.115501403809,62.175300598145
2016-10-17,63.073398590088,63.286399841309,62.540298461914
2016-10-14,62.919998168945,63.197299957275,62.388000488281
2016-10-13,62.981601715088,63.712501525879,62.839199066162
2016-10-12,63.188201904297,63.532299041748,62.246898651123
2016-10-11,62.670600891113,62.886699676514,61.848701477051
2016-10-10,61.997898101807,62.524700164795,61.783599853516
2016-10-07,62.201000213623,62.523998260498,61.940498352051
2016-10-06,62.072601318359,62.513000488281,61.990001678467
2016-10-05,62.207000732422,62.75239944458,61.589500427246
2016-10-04,62.680599212646,62.851100921631,62.186500549316
2016-10-03,62.243198394775,63.083099365234,62.123001098633
2016-09-30,62.88990020752,63.509700775146,62.512401580811
2016-09-29,63.055999755859,63.383201599121,62.796001434326
2016-09-28,63.036998748779,64.092002868652,62.930000305176
2016-09-27,63.604499816895,64.453796386719,63.005599975586
2016-09-26,63.717998504639,64.517501831055,63.097301483154
2016-09-23,64.056999206543,64.439102172852,63.364498138428
2016-09-22,63.596000671387,64.319999694824,63.486301422119
2016-09-21,63.895999908447,65.041000366211,63.69100189209
2016-09-20,64.721603393555,65.011001586914,64.445602416992
2016-09-19,64.592399597168,65.183296203613,64.325996398926
2016-09-16,65.567901611328,65.672798156738,64.045997619629
2016-09-15,64.045997619629,65.390602111816,64.045997619629
2016-09-14,65.160003662109,65.450996398926,64.795402526855
2016-09-13,65.349998474121,65.636596679688,64.415000915527
2016-09-12,64.474998474121,65.30249786377,63.416999816895
2016-09-09,64.58699798584,64.817596435547,62.825401306152
2016-09-08,63.967498779297,64.410301208496,63.050201416016
2016-09-07,64.175003051758,64.743896484375,63.351001739502
2016-09-06,64.481002807617,65.129997253418,64.189102172852
2016-09-05,64.924201965332,65.482696533203,64.496299743652
2016-09-02,65.105003356934,65.954696655273,64.89949798584
2016-09-01,65.794502258301,65.99690246582,65.125801086426
2016-08-31,65.169998168945,65.446998596191,65.032997131348
2016-08-30,65.221199035645,65.363998413086,64.444999694824
2016-08-29,64.444999694824,65.171501159668,63.114498138428
2016-08-26,64.702003479004,64.994300842285,63.084999084473
2016-08-25,64.676002502441,65.219497680664,64.546203613281
2016-08-24,65.091003417969,65.322998046875,64.129997253418
2016-08-23,64.341697692871,64.978302001953,64.255500793457
2016-08-22,64.781997680664,64.806800842285,62.779598236084
2016-08-19,63.775001525879,64.103996276855,63.38330078125
2016-08-18,63.652000427246,64.180801391602,63.372501373291
2016-08-17,63.846000671387,64.321899414062,63.49649810791
2016-08-16,63.846000671387,64.251403808594,63.44100189209
2016-08-15,64.022598266602,64.837997436523,62.979499816895
2016-08-12,65.150398254395,65.150398254395,64.074996948242
2016-08-11,64.291000366211,65.138496398926,63.36360168457
2016-08-10,64.873001098633,65.044502258301,64.153503417969
2016-08-09,64.695999145508,65.115699768066,63.997699737549
2016-08-08,64.621002197266,65.903999328613,64.350997924805
2016-08-05,65.458000183105,65.943199157715,64.217697143555
2016-08-04,65.661003112793,67.02970123291,65.459503173828
2016-08-03,66.243896484375,67.056396484375,65.989196777344
2016-08-02,66.650001525879,67.178100585938,66.002998352051
2016-08-01,66.88200378418,67.445297241211,65.250602722168
2016-07-29,65.639099121094,67.16429901123,65.598297119141
2016-07-28,66.63500213623,66.883598327637,65.630996704102
2016-07-27,65.633499145508,66.4375,65.259101867676
2016-07-26,65.824096679688,66.542503356934,65.150001525879
2016-07-25,65.331001281738,65.536598205566,64.474998474121
2016-07-22,64.620002746582,64.960601806641,63.979999542236
2016-07-21,64.183799743652,64.444602966309,63.444999694824
2016-07-20,63.744998931885,63.913898468018,63.142799377441
2016-07-19,63.532001495361,63.743598937988,62.582500457764
2016-07-18,62.693901062012,63.728000640869,62.419799804688
2016-07-15,63.98860168457,63.993000030518,62.575000762939
2016-07-14,62.934600830078,64.048500061035,62.663398742676
2016-07-13,63.756801605225,64.117599487305,63.154499053955
2016-07-12,63.227001190186,64.275497436523,62.995998382568
2016-07-11,63.864101409912,64.621200561523,63.01139831543
2016-07-08,63.420501708984,65.198196411133,62.851501464844
2016-07-07,63.949699401855,64.748497009277,63.600498199463
2016-07-06,63.599498748779,64.800201416016,63.447399139404
2016-07-05,64.26830291748,64.666000366211,62.495998382568
2016-07-04,63.78450012207,65.385902404785,61.73450088501
2016-07-01,63.790000915527,64.252601623535,63.007598876953
2016-06-30,63.6875,64.415100097656,62.863498687744
2016-06-29,63.794498443604,64.470703125,63.618598937988
2016-06-28,64.089500427246,65.64949798584,63.393100738525
2016-06-27,65.514503479004,66.339500427246,64.26439666748
2016-06-24,65.676002502441,67.174499511719,63.724498748779
2016-06-23,63.789501190186,64.718002319336,63.769500732422
2016-06-22,64.624496459961,65.136497497559,63.522998809814
2016-06-21,63.854499816895,64.477096557617,63.818000793457
2016-06-20,64.137496948242,64.779502868652,63.764701843262
2016-06-17,64.779502868652,65.729499816895,64.702499389648
2016-06-16,65.699501037598,66.090301513672,65.324501037598
2016-06-15,65.517997741699,66.124496459961,65.112998962402
2016-06-14,65.874496459961,66.303001403809,65.558403015137
2016-06-13,65.749496459961,66.217796325684,65.190299987793
2016-06-10,65.365997314453,65.369499206543,64.11840057373
2016-06-09,64.309501647949,64.497001647949,63.329498291016
2016-06-08,63.651000976562,64.804496765137,63.512199401855
2016-06-07,64.699501037598,65.53450012207,64.512001037598
2016-06-06,65.287002563477,66.34400177002,65.116897583008
2016-06-03,65.564498901367,67.164596557617,65.564498901367
2016-06-02,66.928497314453,67.712600708008,66.626998901367
2016-06-01,67.104499816895,67.302101135254,66.424499511719
2016-05-31,66.692001342773,66.982002258301,65.349502563477
2016-05-30,65.349502563477,66.252998352051,65.349502563477
2016-05-27,66.044502258301,66.413803100586,65.65950012207
2016-05-26,65.877998352051,65.877998352051,64.964599609375
2016-05-25,65.446998596191,66.249496459961,65.343002319336
2016-05-24,66.249496459961,67.264503479004,66.114501953125
2016-05-23,67.264503479004,67.264503479004,66.499496459961
2016-05-20,66.791999816895,66.970802307129,66.256401062012
2016-05-19,66.749496459961,67.298500061035,65.985748291016
2016-05-18,66.19450378418,66.19450378418,64.664497375488
2016-05-17,64.789497375488,65.06600189209,64.376998901367
2016-05-16,65.030502319336,65.589500427246,64.601997375488
2016-05-13,65.209503173828,65.568603515625,64.746101379395
2016-05-12,64.924499511719,65.50700378418,64.535400390625
2016-05-11,64.976997375488,66.404502868652,64.875503540039
2016-05-10,66.184501647949,66.659301757812,66.065498352051
2016-05-09,66.53450012207,66.657997131348,65.235000610352
2016-05-06,65.918502807617,66.596000671387,65.374496459961
2016-05-05,65.914497375488,66.794502258301,65.207702636719
2016-05-04,66.794502258301,66.822998046875,65.721603393555
2016-05-03,66.724502563477,66.832702636719,64.726501464844
2016-05-02,65.210502624512,65.682998657227,64.467903137207
2016-04-29,65.682998657227,65.682998657227,64.000503540039
2016-04-28,64.779502868652,65.424499511719,64.196998596191
2016-04-27,65.424499511719,65.975196838379,64.984497070312
2016-04-26,65.244499206543,66.821701049805,65.064498901367
2016-04-25,66.559501647949,66.854499816895,65.884101867676
2016-04-22,66.854499816895,66.854499816895,65.561897277832
2016-04-21,66.849502563477,66.96549987793,64.670196533203
2016-04-20,65.174499511719,66.803199768066,65.125503540039
2016-04-19,65.52449798584,66.460998535156,65.408500671387
2016-04-18,66.119003295898,68.786552429199,66.074996948242
2016-04-17,66.5,68.739501953125,66.074897766113
2016-04-15,66.449501037598,66.630996704102,65.871299743652
2016-04-14,66.137001037598,66.642097473145,65.776397705078
2016-04-13,66.27449798584,66.329498291016,65.254501342773
2016-04-12,66.75,66.454200744629,65.598999023438
2016-04-11,67.074996948242,67.30899810791,66.391998291016
2016-04-10,67.074996948242,67.30899810791,66.391998291016
2016-04-08,68.029998779297,67.830001831055,66.902000427246
2016-04-07,67.849998474121,68.383003234863,67.485000610352
2016-04-06,67.849998474121,68.383003234863,67.485000610352
2016-04-05,68.75,68.813003540039,67.801902770996
2016-04-04,68.650001525879,69.453002929688,68.592002868652
2016-04-03,67.5,68.850997924805,67.73999786377
2016-04-01,67.0,68.31600189209,66.845001220703
2016-03-31,67.0,68.31600189209,66.845001220703
2016-03-30,68.065002441406,67.817001342773,67.207000732422
2016-03-29,68.410003662109,69.188003540039,68.435997009277
2016-03-28,68.23999786377,68.600997924805,67.573997497559
2016-03-27,68.23999786377,68.600997924805,67.573997497559
2016-03-25,68.580001831055,68.623001098633,67.806999206543
2016-03-24,68.714996337891,69.628997802734,68.649002075195
2016-03-23,67.25,68.488998413086,67.412002563477
2016-03-22,67.860000610352,68.224998474121,67.277000427246
2016-03-21,68.330001831055,69.110000610352,67.49299621582
2016-03-20,68.330001831055,69.110000610352,67.49299621582
2016-03-18,68.120002746582,68.661003112793,67.236999511719
2016-03-17,69.834999084473,68.94100189209,68.030097961426
2016-03-16,71.089996337891,71.199996948242,70.21720123291
2016-03-15,70.26000213623,71.36499786377,69.949996948242
2016-03-14,69.904998779297,70.911003112793,69.845001220703
2016-03-13,69.904998779297,70.911003112793,69.845001220703
2016-03-11,71.148002624512,70.72200012207,69.452598571777
2016-03-10,70.982002258301,71.455001831055,69.917999267578
2016-03-09,71.870002746582,72.622001647949,70.709999084473
2016-03-08,73.089996337891,73.386001586914,71.870002746582
2016-03-07,73.089996337891,73.386001586914,71.870002746582
2016-03-06,73.089996337891,73.386001586914,71.870002746582
2016-03-04,73.089996337891,73.386001586914,72.176002502441
2016-03-03,73.349998474121,74.005996704102,73.084999084473
2016-03-02,73.279998779297,74.152000427246,73.133003234863
2016-03-01,74.404998779297,74.289001464844,73.536003112793
2016-02-29,76.339996337891,76.247001647949,75.032997131348
2016-02-28,76.339996337891,76.247001647949,75.032997131348
2016-02-26,75.180000305176,75.675003051758,74.46900177002
2016-02-25,75.735000610352,76.572998046875,75.572998046875
2016-02-24,76.099998474121,77.50700378418,76.022003173828
2016-02-23,77.370002746582,77.0,75.099998474121
2016-02-22,77.370002746582,77.0,75.330001831055
2016-02-21,77.370002746582,77.0,75.330001831055
2016-02-19,76.349998474121,77.824996948242,76.024696350098
2016-02-18,74.860000610352,75.793998718262,74.946998596191
2016-02-17,77.809997558594,78.216003417969,75.352996826172
2016-02-16,77.5,78.083999633789,75.854698181152
2016-02-15,78.309997558594,77.958000183105,76.875
2016-02-14,78.309997558594,77.958000183105,76.875
2016-02-12,79.767501831055,79.737998962402,78.585998535156
2016-02-11,78.370002746582,80.515998840332,78.682998657227
2016-02-10,79.589996337891,79.48999786377,77.647003173828
2016-02-09,78.940002441406,79.17259979248,78.06600189209
2016-02-08,77.25,78.180000305176,76.391998291016
2016-02-07,77.25,78.180000305176,76.391998291016
2016-02-05,76.769996643066,77.639999389648,76.38200378418
2016-02-04,76.930000305176,77.205001831055,75.522003173828
2016-02-03,79.714996337891,79.752998352051,77.873497009277
2016-02-02,77.26000213623,79.724998474121,77.708503723145
2016-02-01,75.440002441406,76.63200378418,75.436996459961
2016-01-31,75.440002441406,76.63200378418,75.436996459961
2016-01-29,76.550003051758,76.266998291016,74.593002319336
2016-01-28,77.848999023438,77.889999389648,75.478996276855
2016-01-27,78.230003356934,79.394996643066,77.78099822998
2016-01-26,79.839996337891,82.156997680664,78.331001281738
2016-01-25,78.370002746582,80.017997741699,76.704002380371
2016-01-24,78.370002746582,80.017997741699,76.704002380371
2016-01-22,82.900001525879,81.258003234863,77.937698364258
2016-01-21,81.819999694824,85.818000793457,82.063003540039
2016-01-20,78.612503051758,81.831802368164,79.18879699707
2016-01-19,79.360000610352,78.900001525879,78.068000793457
2016-01-18,77.707000732422,79.362197875977,78.310997009277
2016-01-17,77.707000732422,79.362197875977,78.310997009277
2016-01-15,76.292999267578,77.754997253418,76.399002075195
2016-01-14,76.212997436523,76.741996765137,76.156997680664
2016-01-13,76.525001525879,76.653999328613,75.733001708984
2016-01-12,76.001998901367,76.901000976562,75.873802185059
2016-01-11,74.794998168945,76.131896972656,75.052001953125
2016-01-10,74.794998168945,76.131896972656,75.052001953125
2016-01-08,74.595001220703,75.489501953125,74.089996337891
2016-01-07,74.595001220703,75.489501953125,74.684997558594
2016-01-06,74.027496337891,74.027496337891,74.027496337891
2016-01-05,73.122497558594,73.36499786377,73.13500213623
2016-01-04,73.400001525879,72.944999694824,72.944999694824
2016-01-03,73.400001525879,72.944999694824,72.944999694824
2016-01-01,73.230003356934,73.815002441406,73.400001525879
2015-12-31,73.230003356934,73.815002441406,73.410003662109
2015-12-30,72.19750213623,73.358001708984,72.486396789551
2015-12-29,72.184997558594,72.806999206543,71.847999572754
2015-12-28,70.245002746582,72.398002624512,70.444000244141
2015-12-27,70.245002746582,72.398002624512,70.444000244141
2015-12-25,69.514999389648,70.697998046875,69.19100189209
2015-12-24,69.514999389648,70.697998046875,69.19100189209
2015-12-23,71.300003051758,71.070999145508,70.016998291016
2015-12-22,70.839996337891,71.22200012207,70.970001220703
2015-12-21,70.925003051758,71.319999694824,71.004600524902
2015-12-20,70.925003051758,71.319999694824,71.004600524902
2015-12-18,70.915000915527,71.406997680664,70.654998779297
2015-12-17,70.0,70.942001342773,70.273002624512
2015-12-16,70.488502502441,70.536003112793,69.931999206543
2015-12-15,70.540000915527,70.998001098633,69.968002319336
2015-12-14,70.209999084473,71.167999267578,66.171501159668
2015-12-13,70.209999084473,71.167999267578,66.171501159668
2015-12-11,66.171501159668,69.958000183105,69.044998168945
2015-12-10,69.319999694824,69.303001403809,66.171501159668
2015-12-09,69.300003051758,69.464202880859,68.716003417969
2015-12-08,69.370002746582,69.871002197266,66.171501159668
2015-12-07,68.069999694824,69.150001525879,68.350997924805
2015-12-06,68.069999694824,69.150001525879,68.350997924805
2015-12-04,67.582496643066,68.253997802734,67.219497680664
2015-12-03,67.400001525879,68.138999938965,67.513999938965
2015-12-02,66.639999389648,67.196998596191,66.556999206543
2015-12-01,66.410003662109,66.846000671387,66.052001953125
2015-11-30,66.419998168945,66.855003356934,65.734703063965
2015-11-29,66.419998168945,66.855003356934,65.734703063965
2015-11-27,65.559997558594,66.305999755859,65.724998474121
2015-11-26,65.555000305176,65.980003356934,65.403701782227
2015-11-25,65.444999694824,66.042999267578,64.902496337891
2015-11-24,66.059997558594,66.419502258301,65.428001403809
2015-11-23,64.620002746582,66.214500427246,64.415000915527
2015-11-22,64.620002746582,66.214500427246,64.415000915527
2015-11-20,64.544998168945,65.032501220703,64.521003723145
2015-11-19,64.845001220703,65.12850189209,64.334999084473
2015-11-18,64.917503356934,65.154998779297,64.560501098633
2015-11-17,65.087501525879,65.720001220703,65.150001525879
2015-11-16,66.819999694824,67.0,65.748001098633
2015-11-15,66.819999694824,67.0,65.748001098633
2015-11-13,66.453498840332,67.0,66.050003051758
2015-11-12,65.36499786377,66.401496887207,65.074996948242
2015-11-11,64.415000915527,64.946998596191,64.069999694824
2015-11-10,64.595001220703,64.584999084473,64.085998535156
2015-11-09,64.404998779297,64.842002868652,64.074996948242
2015-11-08,64.404998779297,64.842002868652,64.074996948242
2015-11-06,62.25,64.769500732422,62.791198730469
2015-11-05,63.084999084473,63.559501647949,63.04280090332
2015-11-04,62.630001068115,62.985000610352,62.228698730469
2015-11-03,63.604999542236,64.040000915527,62.591701507568
2015-11-02,64.120002746582,64.36799621582,63.450000762939
2015-11-01,64.120002746582,64.36799621582,63.450000762939
2015-10-30,64.190002441406,64.641502380371,63.703498840332
2015-10-29,63.935001373291,64.646003723145,63.375
2015-10-28,65.419998168945,65.481498718262,63.44100189209
2015-10-27,62.950000762939,65.028503417969,62.291999816895
2015-10-26,62.321701049805,62.962001800537,61.900001525879
2015-10-25,62.321701049805,62.962001800537,61.900001525879
2015-10-23,62.507499694824,62.650001525879,61.667499542236
2015-10-22,62.950000762939,63.150001525879,62.367000579834
2015-10-21,62.0452003479,63.104900360107,61.854999542236
2015-10-20,62.380001068115,62.400001525879,61.492000579834
2015-10-19,61.1875,62.299499511719,60.849998474121
2015-10-18,61.1875,62.299499511719,60.849998474121
2015-10-16,61.358001708984,62.036998748779,60.549999237061
2015-10-15,62.582500457764,62.591701507568,61.840999603271
2015-10-14,63.002498626709,63.278499603271,62.549999237061
2015-10-13,62.219200134277,62.937000274658,61.998001098633
2015-10-12,61.662498474121,61.544998168945,60.888999938965
2015-10-11,61.662498474121,61.544998168945,60.888999938965
2015-10-09,61.307498931885,61.699001312256,60.674999237061
2015-10-08,62.25,62.775001525879,61.942199707031
2015-10-07,63.391498565674,63.455001831055,61.870998382568
2015-10-06,64.772201538086,65.250999450684,63.417499542236
2015-10-05,65.991996765137,66.105003356934,64.488502502441
2015-10-04,65.991996765137,66.105003356934,64.488502502441
2015-10-02,65.625701904297,66.650497436523,65.519996643066
2015-10-01,65.387496948242,65.627998352051,64.766502380371
2015-09-30,65.709999084473,65.981002807617,64.887496948242
2015-09-29,66.059196472168,66.355697631836,65.390998840332
2015-09-28,65.444999694824,65.77449798584,65.179496765137
2015-09-27,65.444999694824,65.77449798584,65.179496765137
2015-09-25,66.080001831055,66.184997558594,65.299697875977
2015-09-24,66.019996643066,66.765998840332,66.026000976562
2015-09-23,65.819999694824,66.459999084473,65.442497253418
2015-09-22,65.819999694824,66.459999084473,65.442497253418
2015-09-21,66.440002441406,66.574996948242,65.640998840332
2015-09-20,66.440002441406,66.574996948242,65.640998840332
2015-09-18,65.397499084473,66.151000976562,65.0
2015-09-17,65.257698059082,66.170997619629,64.754699707031
2015-09-16,66.782501220703,66.709999084473,64.887001037598
2015-09-15,67.540000915527,67.934997558594,66.513000488281
2015-09-14,67.763198852539,68.059501647949,66.985000610352
2015-09-13,67.763198852539,68.059501647949,66.985000610352
2015-09-11,67.684501647949,68.241996765137,67.227699279785
2015-09-10,68.40650177002,68.799003601074,67.472999572754
2015-09-09,67.861198425293,68.259002685547,66.747497558594
2015-09-08,69.149002075195,69.254997253418,67.707000732422
2015-09-07,68.392501831055,69.139701843262,67.76000213623
2015-09-06,68.392501831055,69.139701843262,67.76000213623
2015-09-04,67.140701293945,67.906997680664,66.730003356934
2015-09-03,66.771697998047,67.585998535156,66.145500183105
2015-09-02,66.482696533203,67.911003112793,66.014999389648
2015-09-01,64.280700683594,66.459999084473,62.598701477051
2015-08-31,65.294998168945,67.328002929688,65.015998840332
2015-08-30,65.294998168945,67.328002929688,65.015998840332
2015-08-28,66.069000244141,67.329002380371,64.702499389648
2015-08-27,68.904998779297,68.63500213623,65.783996582031
2015-08-26,69.309196472168,69.885498046875,68.186698913574
2015-08-25,70.751502990723,70.834999084473,68.144996643066
2015-08-24,69.107498168945,71.55899810791,69.38500213623
2015-08-23,69.107498168945,71.55899810791,69.38500213623
2015-08-21,68.129997253418,68.763000488281,67.186500549316
2015-08-20,66.535697937012,67.544998168945,66.294998168945
2015-08-19,65.785003662109,66.459999084473,65.337997436523
2015-08-18,65.388198852539,65.91300201416,65.110000610352
2015-08-17,64.906700134277,65.703498840332,64.485000610352
2015-08-16,64.906700134277,65.703498840332,64.485000610352
2015-08-14,64.522003173828,65.009002685547,64.254997253418
2015-08-13,64.121200561523,64.99299621582,63.174999237061
2015-08-12,64.122001647949,65.190002441406,64.046997070312
2015-08-11,62.889999389648,64.452499389648,62.900001525879
2015-08-10,64.480003356934,64.642501831055,63.04700088501
2015-08-09,64.480003356934,64.642501831055,63.04700088501
2015-08-07,64.480003356934,65.968696594238,63.400001525879
2015-08-06,63.382999420166,64.502998352051,62.833499908447
2015-08-05,63.110000610352,63.335201263428,62.544998168945
2015-08-04,63.5,63.685001373291,62.432998657227
2015-08-03,61.630699157715,62.981998443604,61.384998321533
2015-08-02,61.630699157715,62.981998443604,61.384998321533
2015-07-31,59.675498962402,61.224498748779,59.424499511719
2015-07-30,58.520000457764,59.877998352051,58.544998168945
2015-07-29,59.903499603271,60.209999084473,58.917999267578
2015-07-28,59.573001861572,60.819999694824,59.380199432373
2015-07-27,58.346000671387,59.826000213623,58.12850189209
2015-07-26,58.346000671387,59.826000213623,58.12850189209
2015-07-24,57.830699920654,58.686000823975,57.512500762939
2015-07-23,57.139999389648,57.591201782227,57.046001434326
2015-07-22,56.919998168945,57.147998809814,56.659999847412
2015-07-21,56.931999206543,57.088500976562,56.729000091553
2015-07-20,56.939998626709,57.165000915527,56.540000915527
2015-07-19,56.939998626709,57.165000915527,56.540000915527
2015-07-17,56.904998779297,57.091499328613,56.564998626709
2015-07-16,56.860000610352,57.014999389648,56.479000091553
2015-07-15,56.430000305176,56.934501647949,56.069999694824
2015-07-14,56.51070022583,57.052501678467,56.110000610352
2015-07-13,56.259998321533,56.814998626709,55.935001373291
2015-07-12,56.259998321533,56.814998626709,55.935001373291
2015-07-10,57.219501495361,57.215000152588,56.180000305176
2015-07-09,57.470001220703,57.384998321533,56.54700088501
2015-07-08,56.625,57.540000915527,56.457500457764
2015-07-07,56.853500366211,57.652000427246,56.439998626709
2015-07-06,55.955501556396,56.617198944092,55.760501861572
2015-07-05,55.955501556396,56.617198944092,55.760501861572
2015-07-03,55.487998962402,55.965198516846,55.060001373291
2015-07-02,55.80419921875,55.902000427246,55.379699707031
2015-07-01,55.214698791504,55.686000823975,55.185001373291
2015-06-30,55.650699615479,55.957000732422,55.27799987793
2015-06-29,54.810501098633,55.629001617432,54.935001373291
2015-06-28,54.810501098633,55.629001617432,54.935001373291
2015-06-26,54.678001403809,55.291999816895,54.178001403809
2015-06-25,54.490001678467,54.877998352051,53.985000610352
2015-06-24,53.770000457764,54.689498901367,53.459999084473
2015-06-23,53.919998168945,54.638000488281,53.696998596191
2015-06-22,54.040000915527,54.064998626709,53.359001159668
2015-06-21,54.040000915527,54.064998626709,53.359001159668
2015-06-19,53.240001678467,54.525001525879,53.40299987793
2015-06-18,53.669998168945,53.861999511719,53.025001525879
2015-06-17,53.660999298096,54.285999298096,52.986000061035
2015-06-16,54.505500793457,55.172500610352,53.541000366211
2015-06-15,55.010501861572,55.513000488281,54.310199737549
2015-06-14,55.010501861572,55.513000488281,54.310199737549
2015-06-12,54.683700561523,55.212501525879,53.955001831055
2015-06-11,54.299999237061,54.901000976562,53.59220123291
2015-06-10,55.54349899292,55.415000915527,53.783000946045
2015-06-09,55.939998626709,56.090000152588,55.154998779297
2015-06-08,56.239700317383,56.382999420166,55.534999847412
2015-06-07,56.239700317383,56.382999420166,55.534999847412
2015-06-05,56.354000091553,57.160999298096,53.948001861572
2015-06-04,54.256999969482,56.006000518799,54.060001373291
2015-06-03,52.705699920654,54.335498809814,52.084999084473
2015-06-02,53.542999267578,53.631698608398,53.006000518799
2015-06-01,52.31600189209,53.491500854492,52.150001525879
2015-05-31,52.31600189209,53.491500854492,52.150001525879
2015-05-29,52.529998779297,58.156200408936,52.19100189209
2015-05-28,51.979999542236,52.964000701904,50.513000488281
2015-05-27,50.888999938965,52.035999298096,49.951999664307
2015-05-26,49.95299911499,50.834999084473,49.819999694824
2015-05-25,49.965000152588,50.063999176025,49.511199951172
2015-05-24,49.965000152588,50.063999176025,49.511199951172
2015-05-22,49.909999847412,50.089698791504,49.233699798584
2015-05-21,49.513999938965,50.22380065918,49.485000610352
2015-05-20,49.50350189209,50.167499542236,49.380001068115
2015-05-19,49.076000213623,49.634998321533,48.801200866699
2015-05-18,49.426498413086,49.584999084473,48.971698760986
2015-05-17,49.426498413086,49.584999084473,48.971698760986
2015-05-15,50.056999206543,50.194801330566,49.452800750732
2015-05-14,49.30899810791,50.436401367188,48.900001525879
2015-05-13,49.988998413086,50.529998779297,48.864601135254
2015-05-12,51.153400421143,51.377899169922,50.107799530029
2015-05-11,50.918998718262,51.684200286865,50.657501220703
2015-05-10,50.918998718262,51.684200286865,50.657501220703
2015-05-08,50.25899887085,51.235900878906,50.264999389648
2015-05-07,50.898700714111,50.867599487305,49.988700866699
2015-05-06,50.553001403809,50.654201507568,49.70240020752
2015-05-05,51.968601226807,52.210899353027,50.372798919678
2015-05-04,51.37020111084,52.211799621582,50.884399414062
2015-05-03,51.37020111084,52.211799621582,50.884399414062
2015-05-01,51.584999084473,51.884799957275,50.926200866699
2015-04-30,50.989700317383,52.16019821167,50.544998168945
2015-04-29,51.099998474121,51.895099639893,50.87670135498
2015-04-28,51.90299987793,52.523601531982,51.243499755859
2015-04-27,50.859001159668,51.995300292969,49.909999847412
2015-04-26,50.859001159668,51.995300292969,49.909999847412
2015-04-24,50.810001373291,52.709999084473,50.07080078125
2015-04-23,51.799999237061,52.379901885986,50.683799743652
2015-04-22,53.576999664307,53.918800354004,52.495998382568
2015-04-21,53.369998931885,54.081401824951,53.059700012207
2015-04-20,51.985000610352,53.772598266602,50.823501586914
2015-04-19,51.985000610352,53.772598266602,50.823501586914
2015-04-17,49.763999938965,52.580001831055,49.672698974609
2015-04-16,49.79700088501,50.286800384521,49.084999084473
2015-04-15,50.990001678467,50.951198577881,50.099998474121
2015-04-14,52.082698822021,52.481700897217,51.006999969482
2015-04-13,52.239498138428,53.709999084473,51.891799926758
2015-04-12,52.239498138428,53.709999084473,51.891799926758
2015-04-10,51.983001708984,52.497798919678,50.318801879883
2015-04-09,53.645000457764,53.393001556396,51.847198486328
2015-04-08,54.919998168945,54.959999084473,53.401298522949
2015-04-07,55.449001312256,55.738800048828,54.784999847412
2015-04-06,56.69100189209,57.064998626709,55.060001373291
2015-04-05,56.69100189209,57.064998626709,55.060001373291
2015-04-03,56.550998687744,57.132801055908,55.784000396729
2015-04-02,57.553001403809,57.352298736572,55.99169921875
2015-04-01,58.152000427246,58.466800689697,57.387001037598
2015-03-31,57.525001525879,58.250198364258,56.784999847412
2015-03-30,57.895000457764,58.671798706055,55.696800231934
2015-03-29,57.895000457764,58.671798706055,55.696800231934
2015-03-27,57.310001373291,57.988800048828,57.123798370361
2015-03-26,57.402500152588,57.424800872803,56.09400177002
2015-03-25,57.740001678467,57.996398925781,56.633800506592
2015-03-24,58.705001831055,58.953998565674,57.503601074219
2015-03-23,59.235000610352,59.866199493408,58.599700927734
2015-03-22,59.235000610352,59.866199493408,58.599700927734
2015-03-20,60.034999847412,60.612899780273,59.315799713135
2015-03-19,59.345001220703,60.205799102783,59.331901550293
2015-03-18,61.416698455811,61.488998413086,60.958599090576
2015-03-17,62.25,62.060001373291,61.451801300049
2015-03-16,62.345001220703,62.720798492432,61.810001373291
2015-03-15,62.345001220703,62.720798492432,61.810001373291
2015-03-13,61.259998321533,61.688999176025,60.703800201416
2015-03-12,62.360000610352,61.784999847412,60.318801879883
2015-03-11,62.044998168945,63.013500213623,61.652900695801
2015-03-10,60.770000457764,62.260898590088,60.151798248291
2015-03-09,60.380001068115,61.011299133301,59.959999084473
2015-03-08,60.380001068115,61.011299133301,59.959999084473
2015-03-06,60.919998168945,60.494998931885,59.29280090332
2015-03-05,61.830001831055,61.958499908447,60.593700408936
2015-03-04,61.845001220703,62.323799133301,60.084999084473
2015-03-03,62.669998168945,62.469799041748,62.001300811768
2015-03-02,61.159999847412,62.46480178833,61.409999847412
2015-03-01,61.159999847412,62.46480178833,61.409999847412
2015-02-27,61.134998321533,62.05179977417,60.915298461914
2015-02-26,61.470001220703,61.340000152588,59.864799499512
2015-02-25,62.735000610352,62.985000610352,61.586799621582
2015-02-24,63.569999694824,63.959999084473,62.714000701904
2015-02-23,61.659999847412,64.495300292969,61.860000610352
2015-02-22,61.659999847412,64.495300292969,61.860000610352
2015-02-20,61.875,62.281799316406,61.334999084473
2015-02-19,61.639999389648,62.553798675537,61.215000152588
2015-02-18,63.724998474121,63.369998931885,61.213798522949
2015-02-17,63.084999084473,63.744998931885,62.139701843262
2015-02-16,63.330001831055,63.455001831055,62.128799438477
2015-02-15,63.330001831055,63.455001831055,62.128799438477
2015-02-13,65.25,65.556800842285,63.069801330566
2015-02-12,65.029998779297,67.296798706055,64.539596557617
2015-02-11,65.315002441406,66.892997741699,65.334999084473
2015-02-10,65.684997558594,66.430702209473,65.065299987793
2015-02-09,66.98999786377,66.757797241211,65.132301330566
2015-02-08,66.98999786377,66.757797241211,65.132301330566
2015-02-06,66.372497558594,67.450996398926,65.224998474121
2015-02-05,67.764999389648,68.825798034668,65.935997009277
2015-02-04,65.084999084473,67.946701049805,64.49299621582
2015-02-03,68.349998474121,68.379997253418,65.61979675293
2015-02-02,70.035003662109,70.427101135254,68.284698486328
2015-02-01,70.035003662109,70.427101135254,68.284698486328
2015-01-30,68.735000610352,71.562797546387,68.184997558594
2015-01-29,67.790000915527,69.378799438477,67.915000915527
2015-01-28,67.955001831055,67.999900817871,66.519996643066
2015-01-27,67.809997558594,68.235000610352,67.104797363281
2015-01-26,64.01000213623,66.335800170898,64.485000610352
2015-01-25,64.01000213623,66.335800170898,64.485000610352
2015-01-23,64.305000305176,64.638801574707,62.987800598145
2015-01-22,65.269996643066,65.561302185059,64.134399414062
2015-01-21,64.970001220703,65.996803283691,64.986801147461
2015-01-20,64.806701660156,65.689796447754,64.779998779297
2015-01-19,65.26000213623,65.683197021484,64.075996398926
2015-01-18,65.26000213623,65.683197021484,64.075996398926
2015-01-16,64.680000305176,65.442802429199,64.38500213623
2015-01-15,64.055000305176,66.00479888916,63.365798950195
2015-01-14,65.184997558594,66.627601623535,63.333000183105
2015-01-13,63.185001373291,66.418800354004,63.134998321533
2015-01-12,61.430000305176,63.356899261475,61.435001373291
2015-01-11,61.430000305176,63.356899261475,61.435001373291
2015-01-09,60.25,61.990001678467,59.529998779297
2015-01-08,62.650001525879,62.280498504639,60.320499420166
2015-01-07,63.159999847412,63.580001831055,62.005001068115
2015-01-06,60.832000732422,63.904998779297,60.354999542236
2015-01-05,58.75,59.661998748779,57.255001068115
2015-01-04,58.75,59.661998748779,57.255001068115
2015-01-02,58.325000762939,59.985000610352,57.625
2015-01-01,60.700000762939,58.325000762939,58.325000762939
2014-12-31,56.560001373291,60.75,56.259998321533
2014-12-30,57.830001831055,59.364200592041,54.777500152588
2014-12-29,53.474998474121,57.858501434326,54.229999542236
2014-12-28,53.474998474121,57.858501434326,54.229999542236
2014-12-26,51.180000305176,54.507900238037,51.5452003479
2014-12-25,54.049999237061,53.676700592041,51.873199462891
2014-12-24,54.619998931885,55.126300811768,53.556800842285
2014-12-23,55.849998474121,55.973098754883,52.700801849365
2014-12-22,58.858001708984,58.009998321533,54.042301177979
2014-12-21,58.858001708984,58.009998321533,54.042301177979
2014-12-19,62.030498504639,64.480003356934,58.706798553467
2014-12-18,65.019996643066,63.46480178833,57.730400085449
2014-12-17,68.025001525879,72.257499694824,60.248901367188
2014-12-16,65.509498596191,78.578399658203,58.071399688721
2014-12-15,58.185001373291,63.345798492432,57.649501800537
2014-12-14,58.185001373291,63.345798492432,57.649501800537
2014-12-12,54.625499725342,57.84220123291,56.284999847412
2014-12-11,54.854999542236,55.715801239014,54.180698394775
2014-12-10,54.060001373291,54.835800170898,53.665699005127
2014-12-09,53.760200500488,54.302799224854,53.736198425293
2014-12-08,52.674999237061,53.765701293945,52.669998168945
2014-12-07,52.674999237061,53.765701293945,52.669998168945
2014-12-05,54.223701477051,54.174999237061,52.76789855957
2014-12-04,53.079498291016,54.466999053955,52.037799835205
2014-12-03,53.854999542236,54.837799072266,52.852699279785
2014-12-02,50.930000305176,53.993598937988,50.481800079346
2014-12-01,50.262500762939,53.880798339844,50.631999969482
2014-11-30,50.262500762939,53.880798339844,50.631999969482
2014-11-28,49.257999420166,49.783401489258,48.90299987793
2014-11-27,47.409999847412,48.191600799561,45.680000305176
2014-11-26,46.255001068115,47.177799224854,44.850700378418
2014-11-25,45.003700256348,45.830001831055,44.671600341797
2014-11-24,45.664501190186,45.584701538086,44.353199005127
2014-11-23,45.664501190186,45.584701538086,44.353199005127
2014-11-21,46.125,46.093200683594,45.328399658203
2014-11-20,46.8125,46.839199066162,46.250499725342
2014-11-19,46.85950088501,47.119998931885,46.505001068115
2014-11-18,47.115001678467,47.181800842285,46.576900482178
2014-11-17,47.279998779297,47.452201843262,45.590000152588
2014-11-16,47.279998779297,47.452201843262,45.590000152588
2014-11-14,46.685001373291,47.82080078125,46.435001373291
2014-11-13,45.918701171875,46.670600891113,45.775001525879
2014-11-12,46.435199737549,46.473201751709,45.527698516846
2014-11-11,46.154998779297,46.934501647949,45.397998809814
2014-11-10,46.416000366211,46.584999084473,44.947498321533
2014-11-09,46.416000366211,46.584999084473,44.947498321533
2014-11-07,46.885200500488,48.58219909668,45.721500396729
2014-11-06,44.811199188232,46.675701141357,44.769199371338
2014-11-05,43.741600036621,44.979198455811,43.256000518799
2014-11-04,43.361301422119,43.783500671387,43.365200042725
2014-11-03,42.94820022583,43.568199157715,43.084999084473
2014-11-02,42.94820022583,43.568199157715,43.084999084473
2014-10-31,41.013000488281,43.122200012207,41.136001586914
2014-10-30,43.008098602295,43.825000762939,41.479999542236
2014-10-29,42.415199279785,42.888000488281,42.419200897217
2014-10-28,42.227798461914,42.576198577881,41.92200088501
2014-10-27,41.872200012207,42.284000396729,41.634201049805
2014-10-26,41.872200012207,42.284000396729,41.634201049805
2014-10-24,41.642101287842,41.992698669434,41.654201507568
2014-10-23,41.328899383545,41.766700744629,41.328899383545
2014-10-22,40.852199554443,41.370700836182,40.865200042725
2014-10-21,40.94229888916,41.070899963379,40.78519821167
2014-10-20,40.616199493408,41.061199188232,40.789199829102
2014-10-19,40.616199493408,41.061199188232,40.789199829102
2014-10-17,40.715698242188,41.131698608398,40.565200805664
2014-10-16,40.496200561523,41.134498596191,40.006999969482
2014-10-15,40.894199371338,41.033798217773,40.569999694824
2014-10-14,40.403198242188,40.872200012207,40.201198577881
2014-10-13,40.349201202393,40.487201690674,40.099998474121
2014-10-12,40.349201202393,40.487201690674,40.099998474121
2014-10-10,40.02320098877,40.45299911499,40.042198181152
2014-10-09,39.942901611328,40.105201721191,39.791599273682
2014-10-08,39.723701477051,40.136699676514,39.724201202393
2014-10-07,39.702201843262,39.962200164795,39.664501190186
2014-10-06,40.098201751709,40.040500640869,39.772701263428
2014-10-05,40.098201751709,40.040500640869,39.772701263428
2014-10-03,39.491199493408,39.94649887085,39.496200561523
2014-10-02,39.700000762939,39.686698913574,39.253200531006
2014-10-01,39.561599731445,39.735000610352,39.361698150635
2014-09-30,39.325199127197,39.717700958252,39.29349899292
2014-09-29,39.056198120117,39.579700469971,39.069999694824
2014-09-28,39.056198120117,39.579700469971,39.069999694824
2014-09-26,38.470199584961,39.153999328613,38.421001434326
2014-09-25,38.144199371338,38.528499603271,38.152198791504
2014-09-24,38.540199279785,38.561500549316,38.143001556396
2014-09-23,38.626300811768,38.731700897217,38.486999511719
2014-09-22,38.356201171875,38.687000274658,38.330200195312
2014-09-21,38.356201171875,38.687000274658,38.330200195312
2014-09-19,38.347301483154,38.539699554443,38.351501464844
2014-09-18,38.368198394775,38.565200805664,38.301200866699
2014-09-17,38.299198150635,38.57320022583,38.243499755859
2014-09-16,38.335201263428,38.827201843262,38.343200683594
2014-09-15,37.752201080322,38.415500640869,37.744998931885
2014-09-14,37.752201080322,38.415500640869,37.744998931885
2014-09-12,37.397998809814,37.960498809814,37.463401794434
2014-09-11,37.275199890137,37.599998474121,37.033000946045
2014-09-10,37.027698516846,37.419498443604,36.997200012207
2014-09-09,36.926498413086,37.167999267578,36.926200866699
2014-09-08,36.89820098877,37.137699127197,36.855201721191
2014-09-07,36.89820098877,37.137699127197,36.855201721191
2014-09-05,36.867198944092,37.17850112915,36.659999847412
2014-09-04,36.771099090576,37.057300567627,36.690700531006
2014-09-03,37.42919921875,37.458301544189,36.661598205566
2014-09-02,37.288200378418,37.485500335693,37.252498626709
2014-09-01,36.944198608398,37.494701385498,36.47620010376
2014-08-31,36.944198608398,37.494701385498,36.47620010376
2014-08-29,36.618099212646,37.182998657227,36.504199981689
2014-08-28,36.117500305176,36.878101348877,36.108200073242
2014-08-27,35.99520111084,36.176601409912,35.972198486328
2014-08-26,36.04109954834,36.164699554443,36.048999786377
2014-08-25,36.048198699951,36.203701019287,36.084999084473
2014-08-24,36.048198699951,36.203701019287,36.084999084473
2014-08-22,35.960300445557,36.339698791504,35.935398101807
2014-08-21,36.146701812744,36.362201690674,36.053199768066
2014-08-20,36.141201019287,36.317501068115,36.149200439453
2014-08-19,36.01309967041,36.200000762939,35.936698913574
2014-08-18,36.051200866699,36.104000091553,35.915000915527
2014-08-17,36.051200866699,36.104000091553,35.915000915527
2014-08-15,35.997200012207,36.265598297119,35.882301330566
2014-08-14,35.996200561523,36.079700469971,35.818500518799
2014-08-13,36.144798278809,36.28099822998,36.015998840332
2014-08-12,35.880798339844,36.15950012207,35.885200500488
2014-08-11,36.128200531006,36.189998626709,35.908401489258
2014-08-10,36.128200531006,36.189998626709,35.908401489258
2014-08-08,36.289199829102,36.539501190186,36.114498138428
2014-08-07,36.081600189209,36.391998291016,36.097198486328
2014-08-06,36.003200531006,36.26900100708,36.014198303223
2014-08-05,35.691398620605,36.080501556396,35.708698272705
2014-08-04,35.725200653076,35.835201263428,35.609199523926
2014-08-03,35.725200653076,35.835201263428,35.609199523926
2014-08-01,35.630100250244,35.823699951172,35.641201019287
